id,subject_name,frequency
4011882-4,Deutschland,169
4039785-3,Mobilität,89
4326464-5,Nachhaltigkeit,78
4032690-1,Kraftfahrzeugindustrie,74
4043176-9,Öffentlicher Personennahverkehr,56
1042006857,Elektromobilität,56
4078704-7,USA,46
4061655-1,Umweltverträglichkeit,35
4015701-5,Europa,34
4036210-3,Logistik,34
4062937-5,Verkehrsinfrastruktur,31
4022492-2,Güterverkehr,27
4154756-1,Flugkörper,27
4209037-4,Prüfstand,24
4690080-9,Numerische Strömungssimulation,23
4332556-7,Drohne (Flugkörper),23
4037278-9,Management,20
4139402-1,Produktentwicklung,20
5098525-5,Europäische Union,18
4002360-6,Antrieb (Technik),17
4172386-7,Öffentlicher Verkehr,16
4151488-9,Eisenbahngüterverkehr,16
4034026-0,Ländlicher Raum,16
4812463-1,Faktor Mensch,16
4299127-4,Umweltbilanz,15
4011510-0,Design,15
4076600-7,Regionale Mobilität,15
4009937-4,China,14
4181167-7,Sicherheitsmaßnahme,14
4154750-0,Flugführung,14
4278240-5,Schiffsführung,13
7737985-8,Geschäftsmodell,13
4048576-6,Luft- und Raumfahrtindustrie,12
4038390-8,Mehrkörpersystem,12
4124261-0,Strategisches Management,12
4140907-3,Fußgänger,12
4183580-3,Straßengüterverkehr,12
4033447-8,Künstliche Intelligenz,12
4011889-7,Deutschland (Bundesrepublik),11
4155750-5,Fußgängerverkehr,11
4206779-0,Straßenbenutzungsgebühr,11
4224244-7,Dienstleistungsangebot,11
4164199-1,Klimaänderung,11
4015249-2,Ergonomie,11
4164540-6,Kohlenstofffaserverstärkter Kunststoff,11
103238512X,Steuergerät,10
4005728-8,Berlin,10
4020517-4,Geschichte,10
4219057-5,Qualitätsmanagement,9
4011890-3,Deutschland (DDR),9
4060582-6,Tragflügel,9
4017678-2,Flugzeugführer,9
4032579-9,Kosten,9
4056693-6,Stabilität,9
2294-9,USA National Aeronautics and Space Administration,9
4133975-7,Unfallforschung,9
4283942-7,Verkehrsüberwachung,9
4135548-9,Transportkette (Güterverkehr),9
4715802-5,Erweiterte Realität (Informatik),9
1117164012,Mobilität 4.0,9
4072788-9,Industriedesign,8
4077548-3,Sowjetunion,8
4684051-5,Supply Chain Management,8
4036560-8,Luftfahrtindustrie,8
4059245-5,Zuverlässigkeit,8
7725954-3,Thermomanagement (Kraftfahrzeugtechnik),8
4369492-5,Zustandsüberwachung,8
4034054-5,Lärmschutz,7
1072179776,Industrie 4.0,7
4242346-6,Modal split,7
4056795-3,Städtebau,7
4430981-8,Längsdynamik,7
4185818-9,Trägerrakete,7
4023118-5,Hamburg,7
4125698-0,Kultur,7
4076899-5,Russland,7
3020305-3,Deutsche Bahn AG,7
4000996-8,Akzeptanz,7
4074631-8,Materialermüdung,7
4161817-8,Innovationsmanagement,7
4014700-9,Energieeinsparung,7
4130717-3,Körperschall,7
4124453-9,Weltraumpolitik,7
4026722-2,Indien,7
1151838586,Motorenprüfstand,7
4202469-9,Aeroelastizität,7
4184494-4,Tastwahrnehmung,7
4557997-0,Globalisierung,7
4186655-1,Überwachungseinrichtung,7
4042203-3,Niederlande,6
4161709-5,Infrastrukturplanung,6
4124833-8,Energiemanagement,6
4026944-9,Infrastruktur,6
4066438-7,Wirtschaftsentwicklung,6
4201190-5,Regulierung,6
4172385-5,Öffentlicher Raum,6
4040408-0,Motorsport,6
4077970-1,Strömungsmechanik,6
4252579-2,Deutschland (Östliche Länder),6
4006340-9,Bewertung,6
118514652,"Von Braun, Wernher 1912-1977",6
4177066-3,Raumflugkörper,6
4337462-1,Public Private Partnership,6
4059252-2,Technischer Fortschritt,6
5157-3,OECD,6
4066424-7,Wirtschaftlichkeit,6
7632675-5,Virtuelle Produktentwicklung,6
4128181-0,Werft,6
4356791-5,GSM-Standard,6
7569134-6,Lokalisierung (Robotik),6
7713781-4,Internet der Dinge,6
4158524-0,Güternahverkehr,6
4031493-5,Köln,6
4075760-2,Ostseeküste,5
4129730-1,Sensitivitätsanalyse,5
4066399-1,Wirtschaft,5
4028495-5,Japan,5
4250471-5,Umweltmodell (Informatik),5
4043271-3,Österreich,5
4078646-8,Unterseeboot,5
4078523-3,Umweltpolitik,5
4077809-5,Stadtökologie,5
2111478-X,Volkswagen AG,5
4019956-3,Gemeinde,5
4242861-0,Mecklenburg-Vorpommern,5
4047297-8,Privatisierung,5
4245206-5,Strukturreform,5
4197034-2,Erfolgsfaktor,5
4144679-3,Markenpolitik,5
4052692-6,Schleswig-Holstein,5
4153553-4,Fahrgeräusch,5
4017897-3,Forschung und Entwicklung,5
4179556-8,Schienenfahrzeugbau,5
4077832-0,Standortplanung,5
4486542-9,ISS (Raumfahrt),5
4065835-1,Wettbewerb,5
4138552-4,Elektromagnetische Verträglichkeit,5
4014777-0,Englisch,5
4129292-3,Geräuschminderung,5
4643241-3,Doppelhüllenschiff,5
4314118-3,Dispositionssystem,5
4361327-5,Kreislaufwirtschaft,5
4191815-0,Entscheidungsunterstützungssystem,5
4170174-4,Mitgliedsstaaten,5
4161710-1,Infrastrukturpolitik,5
4013021-6,Drittes Reich,4
4042570-8,Nordrhein-Westfalen,4
2007837-7,Deutsche Bundesbahn,4
4194332-6,Szenario,4
4047340-5,Produktgestaltung,4
4042226-4,Niedersachsen,4
4058136-6,Strukturwandel,4
4075482-0,Nordseeküste,4
4283583-5,Güterverkehrszentrum,4
4003217-6,Asien,4
4113292-0,Deutsch,4
7852143-9,Situation Awareness,4
4121807-3,Umströmung,4
4132734-2,Instationäre Strömung,4
4445205-6,Lufttransport,4
4027833-5,Italien,4
4053881-3,Schweiz,4
4001446-0,Alter,4
4127793-4,München,4
4001307-8,Alltag,4
4077587-2,Sozialer Wandel,4
4034046-6,Lärm,4
4125542-2,Kommunikationssystem,4
4125395-4,Hafen Hamburg (Hamburg),4
4064317-7,Wahrnehmung,4
4017894-8,Forschung,4
4161820-8,Innovationsprozess,4
4141043-9,Abgasrückführung,4
4014715-0,Energiepolitik,4
4137876-3,Energiebedarf,4
4139407-0,Diffusion (Wirtschaft),4
4047347-8,Produktion,4
1133043763,EN 9100,4
4016317-9,Fahrtüchtigkeit,4
4271836-3,Prädiktive Regelung,4
4399931-1,Virtuelle Realität,4
4496068-2,Dienstgüte,4
4144409-7,Kühler,4
4121590-4,Risikomanagement,4
4133762-1,Kältemaschine,4
4042220-3,Niederrhein,4
4079167-1,Zweiter Weltkrieg,4
4047390-9,Prognose,4
4063881-9,VW Käfer,4
4047610-8,Prüftechnik,4
4030550-8,Kind,4
4000107-6,Abfallwirtschaft,4
4269925-3,Automatisches Prüfen,4
4758780-5,Videoüberwachung,4
4484317-3,Logistiksystem,4
4634625-9,Portal (Internet),4
4139163-9,Transportplanung,4
2008004-9,Deutsche Reichsbahn,4
4308413-8,Logistikunternehmen,4
4141482-2,Älterer Mensch,4
4071013-0,Europäische Integration,4
118636545,"Zeppelin, Ferdinand von 1838-1917",3
4039677-0,Mitteleuropa,3
4042579-4,Nordsee,3
4023349-2,Hannover,3
4017652-6,Flugmodell,3
4074570-3,Marine,3
4008767-0,Bürgerbeteiligung,3
7746756-5,Maritime Wirtschaft,3
4035334-5,Lenkflugkörper,3
4017182-6,Finanzierung,3
4138914-1,Produktionssystem,3
4047118-4,Preispolitik,3
4145167-3,Bewegungswahrnehmung,3
1135937567,Modellprädiktive Regelung,3
4055720-0,Soziale Kosten,3
4037625-4,Marktanteil,3
4415875-0,Netzstabilität (Elektrische Energietechnik),3
7653213-6,Plattform (Kraftfahrzeugbau),3
4187357-9,Validierung,3
4044874-5,Patent,3
4014733-2,Energieverbrauch,3
4348092-5,Hindenburg (Luftschiff),3
4125963-4,Luftwaffe,3
4018145-5,Frankreich,3
4140911-5,Fußgängerzone,3
4068943-8,Aufmerksamkeit,3
4472708-2,Seetransport,3
4038692-2,Mercedes (Marke),3
4658795-0,Infotainment,3
4127374-6,Krisenmanagement,3
4346401-4,Wertschöpfungskette,3
4246866-8,Logistikplanung,3
4011134-9,Datenschutz,3
4260022-4,Kraftfahrzeugzulieferindustrie,3
4061706-3,Unfallverhütung,3
4176198-4,Psychoakustik,3
4062644-1,Verbraucherverhalten,3
4138354-0,Lebensstil,3
4016899-2,Fertigung,3
4113545-3,Fertigungsplanung,3
4389159-7,Rapid Prototyping (Fertigung),3
4022153-2,Großbritannien,3
4428654-5,Data Mining,3
4135577-5,Verifikation,3
4177550-8,Reifengeräusch,3
4130268-0,Wälzreibung,3
4136888-5,Rotor (Drehflügel),3
1016875-8,Nationalsozialistisches Kraftfahr-Korps,3
4318539-3,Sozioökonomischer Wandel,3
4219673-5,Lärmarme Konstruktion,3
4078604-3,Unternehmenskooperation,3
4137210-4,Ostseeraum,3
4037589-4,Marketing,3
4134175-2,Überwachung,3
4003832-4,Außenhandel,3
4162070-7,Internationaler Güterverkehr,3
4140394-0,Weltraumrecht,3
4005871-2,Berufsausbildung,3
4322449-0,Weltraummüll,3
4047968-7,Qualitätskontrolle,3
4120658-7,Lebensraum,3
4064211-2,Wärmeübertragung,3
4017396-3,Flächennutzung,3
4154757-3,Fluglärm,3
4008135-7,Bremen,3
4032386-9,Kooperation,3
4005935-2,Berufsschule,3
4060356-8,Toleranz (Technik),3
4116489-1,Sicherheitspolitik,3
4121178-9,Elektrizitätsversorgungsnetz,3
4275233-4,Terminal (Gebäude),3
4117265-6,Turbulente Strömung,3
4060633-8,Systemtransformation,3
4113446-1,Entscheidungsfindung,3
4061629-0,Umweltverträgliches Produkt,3
4168847-8,Manövrierfähigkeit,3
4013284-5,Duisburg,3
4041924-1,Neuss,3
4013255-9,Düsseldorf,3
4155585-5,Füllstoff,3
118652133,"Ballin, Albert 1857-1918",3
4155272-6,Datenerhebung,3
4039336-7,Militärische Raumfahrt,3
4001997-4,Angebot,3
4188174-6,Verzicht,3
4522522-9,Klappe (Flugzeug),3
4032684-6,Kraftfahrzeughandwerk,3
4012514-2,Distribution (Physische Distribution),3
4058282-6,Stuttgart,3
4058082-9,Strömungswiderstand,3
4033480-6,Küstenschifffahrt,3
4116645-0,Strömungsakustik,3
4332716-3,Leitsystem (Technik),3
118635336,"Wright, Orville 1871-1948",3
118635352,"Wright, Wilbur 1867-1912",3
4180564-1,Schwingungsdämpfung,3
118534300,"Ford, Henry 1863-1947",3
4192358-3,Multimedia,3
4058286-3,Stuttgart,3
4426599-2,Kundenauftrag,3
4121388-9,Großveranstaltung,3
4061159-0,Tür,3
4023568-3,Harz,3
4062942-9,Verkehrslärm,3
4125280-9,Radsport,3
4200074-9,Instandhaltungsplanung,3
4205632-9,Behindertengerechte Gestaltung,3
4176251-4,Psychophysik,3
4039316-1,Militärflugzeug,3
4167271-9,Leistungsbewertung,3
4116384-9,Schiffsmodell,3
4261480-6,Systementwurf,3
4126692-4,Spurführung,3
4115806-4,Rüstungsindustrie,2
4142507-8,Anker (Schiffbau),2
4018904-1,Funkortung,2
4034316-9,Landmaschine,2
4305081-5,Maybach-Motorenbau-GmbH,2
4704960-1,Maybach (Marke),2
4044107-6,Ostsee,2
4075730-4,Ostblock,2
118589229,"Oberth, Hermann 1894-1989",2
4129721-0,Interpersonale Kommunikation,2
4114259-7,Kommunikationsforschung,2
4126974-3,Teamwork,2
4024842-2,Hierarchie,2
4121706-8,Sprachbarriere,2
4273774-6,Störsender,2
4335640-0,Restrukturierung,2
4037624-2,Marktanalyse,2
4332767-9,Kraftfahrzeugwirtschaft,2
4039806-7,Modellbau,2
4260006-6,Getriebegehäuse,2
4012928-7,Drehflügelflugzeug,2
4265706-4,Druckströmung,2
4127451-9,Infrastrukturinvestition,2
4035964-5,Literatur,2
4267570-4,Formel 1,2
4077624-4,Soziologie,2
4289060-3,Straßenbaufinanzierung,2
4042483-2,Nordamerika,2
4182752-1,Stadtökonomie,2
4416873-1,Fahrzeugindustrie,2
4031883-7,Kommunikation,2
4047441-0,Projektmanagement,2
7636249-8,Kritische Infrastruktur,2
4073328-2,Kaufentscheidung,2
4806684-9,Barrierefreiheit,2
4074335-4,London,2
4044660-8,Paris,2
4123713-4,Marktentwicklung,2
7842371-5,Reifegradmodell,2
4016608-9,Fehleranalyse,2
4115643-2,Prognosequalität,2
4125943-9,Mieter,2
4239265-2,Ventilströmung,2
4627797-3,Fahrradverleih,2
4035236-5,Leistungsfähigkeit,2
4051176-5,Sachsen,2
4073648-9,Kommunalpolitik,2
4018202-2,Frau,2
4075770-5,Ost-West-Konflikt,2
4424889-1,Geheimdokument,2
4047194-9,Preußen,2
4126492-7,Raumfahrt (Motiv),2
4331061-8,Fahrradindustrie,2
4136390-5,Prospekt,2
4224912-0,Seehandel,2
1007920-8,National Air and Space Museum,2
4293741-3,Kontakt (Reibung),2
4028808-0,Juden,2
4039808-0,Modelleisenbahn,2
4139439-2,Zwangsarbeit,2
4043212-9,Ökonometrisches Modell,2
4215161-2,Technologiemanagement,2
4197733-6,Ablenkung,2
4128013-1,Seeräuberei,2
4126281-5,Informationsdienst,2
4301582-7,Blohm-&-Voss-Aktiengesellschaft,2
4074823-6,Militärtechnik,2
4071781-1,Geschlechtsunterschied,2
4191538-0,Mediation,2
4371679-9,Flughafen Wien-Schwechat (Schwechat),2
4197944-8,Inbetriebnahme,2
4168243-9,Luftfahrtrecht,2
4384508-3,Kundenbindung,2
4058345-4,Subvention,2
4568727-4,Balanced Scorecard,2
4314530-9,Geschäftsverbindung,2
4201794-4,Kommunikationsstrategie,2
2294-9,USA,2
4026776-3,Industrialisierung,2
4719748-1,Columbia (Raumtransporter),2
4475739-6,Mir (Raumstation),2
4188028-6,Verspätung,2
4032694-9,Kraftfahrzeugmarkt,2
4018382-8,Freizeit,2
4123984-2,Produktionsprozess,2
4027386-6,Internationale Wettbewerbsfähigkeit,2
4138784-3,Verschwörungstheorie,2
4135020-0,Lebensereignis,2
4034869-6,Lebenslauf,2
4325683-1,Prozesskette,2
4058167-6,Student,2
4013943-8,Einstellung,2
4561842-2,Wissensmanagement,2
4209283-8,Einflussgröße,2
4165462-6,Kraftübertragung,2
4240639-0,Modularität,2
4114040-0,Internationales Management,2
4136231-7,Beschaffungsplanung,2
4032680-9,Kraftfahrzeughandel,2
4223616-2,Standortfaktor (Wirtschaft),2
4274456-8,Speditionsbetriebslehre,2
4124516-7,Abschlussprüfung,2
4011150-7,Datenübertragung,2
4353072-2,Prozessmanagement,2
4034081-8,Lagerhaltung,2
4060694-6,Transportproblem,2
4012178-1,Dienstleistung,2
4001328-5,Alpen,2
4065365-1,Welthandel,2
4227294-4,Interferenzstörung,2
4016216-3,Fachsprache,2
4139504-9,Beobachter (Kybernetik),2
7675980-5,Ökosystemmanagement,2
4297960-2,Bewohner,2
4121501-1,Präferenz,2
4076778-4,Römisches Reich,2
7711802-9,ISO/DIS 26262,2
4327864-4,Gefahrgutbeförderungsrecht,2
4612856-6,Überschlag (Verkehr),2
4226399-2,Dynamische Stabilität,2
4002733-8,Arbeitsmarkt,2
4003559-1,Auftragsabwicklung,2
4150850-6,Düsenströmung,2
4157446-1,Glas-Kautschuk-Übergang,2
4195525-0,Zuverlässigkeitstheorie,2
103887131X,Drahtlose Energieübertragung,2
4047360-0,Produktionsplanung,2
4064163-6,Wälzlager,2
4825546-4,Bestärkendes Lernen (Künstliche Intelligenz),2
4005857-8,Beruf,2
4136511-2,Subjektive Sicherheit,2
4150252-8,Distributionslogistik,2
4125707-8,Wildschaden,2
4185459-7,Tierart,2
13253-6,European Space Agency,2
4377075-7,Emissionsüberwachung,2
4133321-4,Fluggerätbauer,2
4361833-9,Fluggerätmechaniker,2
7849326-2,Rollenprüfstand,2
4128666-2,Arbeitsanforderung,2
4014736-8,Energieversorgung,2
4129826-3,Zustandsschätzung,2
4224489-4,Hypermobilität,2
4176585-0,Qualitätsaudit,2
4065837-5,Wettbewerbsfähigkeit,2
4078029-6,Südkorea,2
4065468-0,Weltwirtschaft,2
4039058-5,Mexiko,2
4062958-2,Verkehrspsychologie,2
4132435-3,Kühlung,2
4391452-4,Rendezvous (Raumfahrt),2
1210494086,Energiewende,2
4154525-4,Flächennutzungsplanung,2
4200234-5,Wettbewerbsstrategie,2
4183398-3,Störsicherheit,2
4278000-7,Internalisierung (Wirtschaft),2
4007405-5,Bodensee-Gebiet,2
1123737371,Energieautarkie,2
4121467-5,Personenbeförderung,2
4124257-9,Störgröße,2
4172613-3,Operante Konditionierung,2
4132479-1,Magnetosphäre,2
4034053-3,Lärmbelastung,2
4046496-9,Polen,2
4285536-6,Rennfahrer,2
4673911-7,Ballin-Haus (Hamburg),2
16330872-X,Hapag-Lloyd-Aktiengesellschaft Schiffsbetrieb,2
4139398-3,Ölhydraulik,2
4062110-8,Urbanität,2
4034711-4,Lauenburg/Elbe,2
4140206-6,Stoßdämpfer,2
4366655-3,Kamera,2
4037687-4,Mars (Planet),2
4063089-4,Vermögensverwaltung,2
4139738-1,Flüssigerdgas,2
1038114020,Daseinsvorsorge,2
4059237-6,Technische Überwachung,2
4275777-0,Schiffsausrüstung,2
4113467-9,Erschöpfbare Ressourcen,2
4381357-4,Schifffahrtsmuseum,2
4172668-6,Optische Nachrichtenübertragung,2
4160153-1,Hochfrequenzübertragung,2
4077811-3,Stadtsoziologie,2
4030958-7,Klassifikation,2
4195348-4,Gewerbegebiet,2
4125215-9,Prognosemodell,2
4058406-9,Südasien,2
4015602-3,Ethik,2
4043207-5,Ökologie,2
4075454-6,Norddeutschland,2
4033146-5,Kriegsschiff,2
4022497-1,Güterwagen,2
4064090-5,V-Waffe,2
4045005-3,Peenemünde,2
4032594-5,Kostensenkung,2
4243718-0,Deutschland (Westliche Länder),2
4026779-9,Industrie,2
4366912-8,Evolutionärer Algorithmus,2
4190007-8,Wirbelströmung,2
4127497-0,Schwachstellenanalyse,2
4149065-4,Demontage,2
4519163-3,Flächenkühlung,2
4189063-2,Wanderfeldröhre,2
4075720-1,Osmanisches Reich,2
4012995-0,Dresden,2
4094605-8,Hamburg-Altona,2
4125011-4,Unternehmensentwicklung,2
4129296-0,Geräusch,2
4132369-5,Planspiel,2
4141076-2,Abnahme,2
4127410-6,Zulassung,2
4006138-3,Betrieb,2
4124547-7,Anhänger,2
4161353-3,Navigieren,2
4276417-8,Geostationäre Umlaufbahn,2
4449731-3,Wechselbehälter,2
4166448-6,Lagerplanung,2
4095305-1,Hindenburgdamm,2
4156961-1,Geschäftsplan,2
118595881,"Porsche, Ferdinand 1875-1951",2
4003618-2,Augsburg,2
4129902-4,Aufzug (Fördermittel),2
4187933-8,Verpflegung,2
4147391-7,Catering,2
4005988-1,Beschaffung,2
4197873-0,Wirtschaftlichkeitsprüfung,2
4380508-5,Simultaneous Engineering,2
4273621-3,Evakuierung,2
4133424-3,Schadenermittlung,2
4344154-3,Flugsteuerung,2
4003115-9,Arzneimittel,2
4120755-5,Modernisierung,2
4021441-2,Görlitz,2
4042742-0,Nürnberg,2
4205313-4,Koper,2
4050610-1,Rostock,2
4117622-4,Weiterbildung,2
4573103-2,Videoübertragung,2
4128183-4,Schiffbauindustrie,2
4252093-9,Desinformation,2
4036510-4,Lüge,2
4074577-6,Marke,2
4003966-3,Maschinelle Übersetzung,2
4140939-5,Notfall,2
4112701-8,Bekämpfung,2
4139780-0,Ölunfall,2
4039305-7,Militär,2
4125289-5,Brandbekämpfung,2
4112628-2,Ausbildung,2
4183830-0,Studienangebot,2
4160198-1,Hochschulbildung,2
4326109-7,Beziehungsmanagement,2
4592128-3,Electronic Commerce,2
4663827-1,Ausnahmesituation,2
276358-8,Germanischer LLoyd AG,2
4027415-9,Internationaler Wettbewerb,2
11896416X,"Armstrong, Neil 1930-2012",2
4278776-2,Transportbehälter,2
4183848-8,Stückgut,2
4063234-9,Verstädterung,2
4180815-0,Selbstbau,2
4198658-1,Drogenkonsum,2
4011467-3,Deportation,2
4114020-5,Innovationsförderung,2
4172391-0,Öffentliches Verkehrsmittel,2
4066410-7,Wirtschaftliche Integration,2
4124397-3,Verletzung,2
4037934-6,Werkstoffprüfung,2
4451322-7,Aktive Schalldämpfung,2
4028859-6,Jugend,2
5015143-5,MAN-Nutzfahrzeuge AG,2
4043152-6,Öffentliche Meinung,2
4049012-9,Regierung,2
4128512-8,Flugzeugträger,2
4154634-9,Fließfertigung,2
4002767-3,Arbeitspsychologie,2
4002641-3,Arbeitsbedingungen,2
4521193-0,Überlastkontrolle,2
4112832-1,Bremsbetätigung,2
4068809-4,Arbeitsmobilität,2
4131375-6,Stoß (Technik),2
4138375-8,Netzführung,2
7839944-0,Versorgungssicherheit,2
4029456-0,Kanada,2
4542600-4,Partition (Informatik),2
1026546869,Engineering Data Management,2
4029931-4,Katastrophenhilfe,2
4570017-5,Hilfsgut,2
4438965-6,Humanitäre Hilfe,2
4192070-3,Blendung,2
2007419-0,Daimler-Benz-Aktiengesellschaft,1
4008144-8,Bremerhaven,1
4764957-4,Hildebrand & Wolfmüller (Marke),1
4041620-3,Neptun (Planet),1
4062100-5,Uranus (Planet),1
4162926-7,Jupiter (Planet),1
4179170-8,Saturn (Planet),1
4287475-0,Bahnhofsvorplatz Stuttgart,1
118572970,"Lilienthal, Otto 1848-1896",1
4180679-7,Seetüchtigkeit,1
4049739-2,Rhein,1
4041522-3,Neckar,1
2112336-6,Ludwig & Jakob Götz KG,1
4078022-3,Süddeutschland,1
4015234-0,Rhein-Erft-Kreis,1
4032589-1,Kosten-Nutzen-Analyse,1
4055813-7,Sozialistische Staaten,1
4201208-9,Segelkriegsschiff,1
4101307-4,Komatsu-Hanomag-Aktiengesellschaft,1
4049788-4,Rheinland,1
4074902-2,Mittelrhein-Gebiet,1
4285848-3,Holzaußenhandel,1
4160518-4,Holzhandel,1
4075477-7,Nordschwarzwald,1
118686151,"Farnese, Alessandro 1520-1589",1
4045977-9,Physikunterricht,1
4205907-0,Notausrüstung,1
4106692-3,Schleswig,1
4100151-5,Deutsche Dampfschiffahrts-Gesellschaft Hansa,1
14631-6,Antwerpen Havenbedrijf,1
16058282-9,Zaha Hadid Architects,1
4042564-2,Niedersachsen,1
4240217-7,Formänderungsvermögen,1
4182888-4,Standortverlagerung,1
4151495-6,Eisenbahnrecht,1
4005962-5,Berufswahl,1
4309079-5,AWACS,1
4184333-2,Täuschung (Militär),1
1154506436,Stadtplanung (Motiv),1
4316413-4,Trendforschung,1
7622114-3,Modellrakete,1
4051038-4,Russisch,1
4014743-5,Energiewirtschaft,1
4056914-7,Standardisierung,1
4120591-1,Komplexitätstheorie,1
5531642-6,Concorde,1
4231157-3,Corporate Design,1
4304583-2,Nichtstationärer Prozess,1
4326678-2,Antennenreflektor (Nachrichtentechnik),1
4126026-0,Modelllernen,1
4032399-7,Kopenhagen,1
119134888,"Moulton, Alexander 1920-2012",1
4121201-0,Entscheidungsmodell,1
4119808-6,Hafen Bremen (Bremen),1
4033422-3,Künste,1
4198594-1,Flugreise (Motiv),1
4138585-8,Fliegen (Motiv),1
4017102-4,Film,1
4125858-7,Massenkultur,1
116780659X,"Newey, Adrian 1958",1
4135032-7,Wärmeisolierstoff,1
4448628-5,Flüssigkeitsraketentriebwerk,1
4129147-5,Verbraucherzufriedenheit,1
4133665-3,Elektrizitätserzeugung,1
4328194-1,Hexapode (Robotik),1
4215791-2,Lebenszyklus (Wirtschaft),1
4336076-2,Produktlinie,1
4200451-2,Nachfrageverhalten,1
1037703324,Rebound-Effekt (Umweltökonomie),1
4395695-6,Qualitative Sozialforschung,1
4140402-6,Blinder Mensch,1
4188683-5,Vorlesen,1
4180703-0,Sehbehinderter Mensch,1
7705206-7,App (Programm),1
4288547-4,Klassifikator (Informatik),1
4139364-8,Nachrichtenübertragungstechnik,1
4291378-0,Niedrigeinkommen,1
4300539-1,Ausgrenzung,1
4043974-4,Osnabrück,1
4828501-8,Konzentrationslager Sachsenhausen (5) SS-Baubrigade,1
4049751-3,Rheine,1
4537504-5,Quetschströmung,1
4133871-6,Kältemittel,1
7576656-5,Dessau-Roßlau,1
1152232746,Belastung (Mechanik),1
4198763-9,Kalibrieren (Messtechnik),1
35433-8,Europäische Wirtschaftsgemeinschaft,1
4035262-6,Leitbild,1
4048989-9,Regensburg,1
4023996-2,Heidelberg,1
4140177-3,Kognitiver Prozess,1
4232311-3,Least Cost Planning,1
116798033,"Schütte, Johann 1873-1940",1
90509-4,Junkers-Flugzeug- und Motorenwerke,1
118776525,"Junkers, Hugo 1859-1935",1
4213103-0,"Hafen Husum (Husum, Kreis Nordfriesland)",1
10004313-6,Mercedes-Benz-Museum,1
4628737-1,Europa (Rakete),1
4829865-7,EADS Space Transportation Center Trauen,1
4038197-3,Mecklenburg,1
4054463-1,Selketalbahn,1
4130466-4,Harzquerbahn,1
4243771-4,Südharzbahn,1
4005044-0,Bayern,1
4079215-8,Westeuropa,1
4205304-3,Staat Braunschweig,1
4585451-8,Wasserrahmenrichtlinie,1
4011077-1,Darmstadt,1
4021652-4,Gotha,1
4126997-4,Thüringerwaldbahn,1
4201278-8,Wismar,1
4134191-0,Geschäftsreise,1
4052580-6,Schlaf,1
40335-0,Deutsche Reichspost,1
133790754,"Ansari, Anousheh 1966",1
119127415,"Curtiss, Glenn H. 1878-1930",1
4015512-2,Eschede,1
4047103-2,Preisbildung,1
4077744-3,Sprachverstehen,1
4031887-4,Kommunikationsstörung,1
4174068-3,Pflanzenöl,1
4715315-5,Vergabe- und Vertragsordnung für Bauleistungen,1
1032069-6,"Gebrüder-Eicher-Traktoren- und -Landmaschinen-Werke (Forstern, München)",1
4325341-6,Karl-Marx-Allee (Berlin),1
4758009-4,Hafen Kopenhagen (Kopenhagen),1
4002752-1,Arbeitsorganisation,1
4005964-9,Berufslaufbahn,1
119378981,"Reiter, Thomas 1958",1
4121950-8,Zwangsarbeiter,1
2014891-4,International Tracing Service,1
4254827-5,Beschaffungslogistik,1
4398432-0,Emerging Market,1
4053920-9,Schwellenländer,1
4642736-3,Rheinauhafen (Köln),1
4239714-5,Konzentrationslager Mittelbau-Dora,1
4188780-3,V-Waffen-Produktion,1
4079237-7,Westliche Welt,1
4188478-4,Ethnopsychologie,1
4121557-6,Raumwirtschaftstheorie,1
4201089-5,Cap Arcona (Schiff),1
4075127-2,Musikhören,1
7738361-8,Leitstelle,1
4305684-2,Triumph (Marke),1
4225140-0,Transportrecht,1
4140921-8,Seefrachtrecht,1
1135962553,Erde,1
4054160-5,Seemacht,1
4128014-3,Seeräuber,1
4101012-7,Minnesota,1
4222412-3,Fahrrad (Motiv),1
4051157-1,Sachkultur,1
4262264-5,Sozialer Ertrag,1
128889268,"Anderson, Johann 1674-1743",1
4842347-6,"Nachrichten von Island, Grönland und der Straße Davis",1
4154475-4,Fischhandel,1
118702351,"Ciolkovskij, Konstantin Ėduardovič 1857-1935",1
4116464-7,Segelschiffsmodell,1
4106304-1,Thüringen,1
4186611-3,Überlichtgeschwindigkeit,1
4061893-6,Unterelbe-Gebiet,1
4042185-5,Unterelbe,1
4503315-8,Global Sourcing,1
5190979-0,Pratt & Whitney Aircraft Company,1
4139846-4,Umweltpsychologie,1
4690491-8,Unterstützungssystem (Informatik),1
4139374-0,Architektur (Informatik),1
4439521-8,Komponente (Software),1
4058813-0,Systemvergleich,1
4137754-0,Radaufhängung,1
4003988-2,Automobilsport,1
4127909-8,Geländefahrzeug,1
4126360-1,Produktdifferenzierung,1
4309237-8,Strategische Planung,1
4125037-0,Flexibilität,1
4178223-9,Risikobereitschaft,1
4164958-8,Konfliktregelung,1
4113681-0,Gefahrenabwehr,1
4198736-6,Freiformfläche,1
4047346-6,Produktinnovation,1
4120995-3,Benutzerführung,1
4126529-4,Absturzunfall,1
4224133-9,Stettiner Maschinenbau-Actiengesellschaft Vulcan,1
7713023-6,Hub (Luftverkehr),1
4100337-8,Flughafen Frankfurt,1
2007937-0,Deutsche Lufthansa,1
118523422,Daimler,1
118509225,Benz,1
4768065-9,Eclipse (Programmierumgebung),1
7635475-1,Android (Systemplattform),1
4657143-7,OSGi-Standard,1
4191588-4,Geräuschmessung,1
4037647-3,Marktstruktur,1
4239366-8,Produkteinführung,1
4224734-2,Produktpositionierung,1
4035333-3,Lenin-Werft,1
139948554,Kamm,1
4123623-3,Lehrbuch,1
4489424-7,Einkaufen,1
4706893-0,ISO/TS 16949:2002,1
4378282-6,Qualitätshandbuch,1
4126085-5,Kommunale Energieversorgung,1
4126524-5,Menschliches Versagen,1
4045269-4,Personalpolitik,1
1085673251,Mond,1
4139119-6,Konjunkturprognose,1
4139118-4,Konjunkturindikator,1
4249243-9,Wirtschaftsindikator,1
10333075-6,Raketen,1
4532166-8,Downsizing,1
4026924-3,Partnerschaft,1
4189685-3,Werkzeugbau,1
4034929-9,Lebenswelt,1
4070864-0,Entscheidung bei Unsicherheit,1
4004785-4,Bauführung,1
4047479-3,Property-Rights-Ansatz,1
4079351-5,Wirtschaftstheorie,1
4132622-2,Stratosphäre,1
4156601-4,Generation,1
4281858-8,Strategische Frühaufklärung,1
6037884-0,Automobilelektronik,1
4144734-7,Berufsanfang,1
4718803-0,Leistungskennzahl,1
4229979-2,Potenzialanalyse,1
4187680-5,Verfassungsmäßigkeit,1
7707222-4,Funktionalität,1
4455835-1,Agent (Informatik),1
4115712-6,Rechtsvergleich,1
4304375-6,Abschätzung,1
4148256-6,Computerindustrie,1
4003563-3,Auftragsfertigung,1
1042246734,Lebenszykluskosten,1
4186652-6,Übertragungsverhalten,1
4202927-2,Bö,1
4158521-5,Güterfernverkehr,1
4040895-4,Muskel,1
4125475-2,Anthropometrie,1
4186308-2,Tropfengrößenbestimmung,1
4256689-7,Gleichgewichtssinn,1
4743867-8,Methanproduktion,1
4166385-8,Ladenpreis,1
1075656311,Bahnkörper,1
4052023-7,Schalldämmung,1
4326677-0,Berührungsfläche,1
4010875-2,Dämpfung,1
4114330-9,Kunde,1
4419119-4,Luftdruck (Reifen),1
118966588,Glenn,1
4132300-2,Biografieforschung,1
4002805-7,Arbeitswelt,1
4406426-3,Interorganisationssystem,1
4002100-2,Anlagenplanung,1
4261341-3,Reihenfolgeplanung,1
4186638-1,Übersetzungsgetriebe,1
4063290-8,Vertrauen,1
4014709-5,Energiekosten,1
4034730-8,Laufrad (Strömungsmaschine),1
1139019171,Wasserhaushaltsgesetz,1
4137519-1,Wasserwirtschaftsrecht,1
4057952-9,Strategie,1
4246534-5,Produktpiraterie,1
5143972-4,John F. Kennedy Space Center,1
4006197-8,Betriebsplanung,1
4126457-5,Qualitätssicherung,1
4499555-6,Kühlkreislauf,1
4189219-7,Wasserkühlung,1
4140621-7,Nachlauf (Strömungsmechanik),1
4016397-0,Familie,1
4121353-1,Geschlechtliche Arbeitsteilung,1
4752240-9,Stack (Brennstoffzelle),1
4121608-8,Schätztheorie,1
4349128-5,Marktbearbeitung,1
4059501-8,Terminologie,1
4054498-9,Semiotik,1
4117391-0,Vogelflug,1
4784715-3,Halbbrückenschaltung,1
4033395-4,Kühlwasser,1
1058199706,Rundstrecke,1
4329946-5,Überhitzung,1
4027105-5,Input-Output-Analyse,1
4126497-6,Reaktionsfähigkeit,1
4164480-3,Kognitives Schema,1
4161676-5,Informationsübertragung,1
4018967-3,Fuß,1
4419441-9,Ladungsträger (Logistik),1
4135136-8,Produktlebenszyklus,1
4122982-4,Bus (Informatik),1
4123423-6,Industriebetriebslehre,1
4129377-0,Wissenschaftsforschung,1
4123732-8,Medienwirkungsforschung,1
4496338-5,Aufklärungskampagne,1
4117714-9,Zielgruppe,1
4061165-6,Türken,1
4467816-2,Airport Berlin Brandenburg International,1
4100337-8,Flughafen Frankfurt (Frankfurt am Main),1
4613383-5,Motorgeräusch,1
4061963-1,Unternehmen,1
4156156-9,Gebläse,1
4778709-0,Mittelmeerküste,1
4093976-5,Griechenland (Altertum),1
4061643-5,Umweltrecht,1
4037687-4,Mars,1
4069304-1,Berlin (West),1
4128946-8,Arbeitsfeld,1
4071034-8,Evaluation,1
4267736-1,Grundrechtsschutz,1
4140250-9,Informationelles Selbstbestimmungsrecht,1
4054058-3,"Seattle, Wash.",1
4166958-7,Laval-Düse,1
4295517-8,Strukturelle Stabilität,1
4003397-1,Atmosphäre,1
4136749-2,Elektrizitätsverbrauch,1
4065781-4,Westfalen,1
4263540-8,Internationales Luftbeförderungsrecht,1
132398-2,Britisch-Indien,1
4036361-2,"Los Angeles, Calif.",1
4817917-6,Resilienz,1
4002230-4,Anthropologie,1
1059146835,Wegeführung,1
4151331-9,Einkaufszentrum,1
4298695-3,Produktdaten,1
4193804-5,Anforderungsdefinition,1
4002643-7,Arbeitsbelastung,1
4501290-8,Montagearbeit,1
4002771-5,Arbeitsschutz,1
4218188-4,Repetitive Arbeit,1
4153569-8,Fahrschüler,1
4213742-1,Motorsportrennstrecke,1
4114522-7,"Mars (Planet, Motiv)",1
4114333-4,Kunst,1
4013974-8,Einzelhandelsbetrieb,1
4127747-8,Einzelhandel,1
4080413-6,Bad Birnbach,1
4338131-5,Luftströmung,1
4163816-5,Kinderfreundlichkeit,1
4156307-4,Gehäuse,1
4220909-2,Überholen,1
4191237-8,Zweikörperproblem,1
4186622-8,Überschallflugzeug,1
4140195-5,Fahrstabilität,1
4778903-7,Registrierung (Bildverarbeitung),1
4818975-3,Fluglizenz,1
4187848-6,Verkehrszählung,1
7727649-8,Rüttelstreifen,1
4036394-6,Louisiana,1
4122751-7,Ablaufplanung,1
4055916-6,Sozialwissenschaften,1
4116546-9,Sozialraum,1
4195103-7,Privatheit,1
4229881-7,Konsumgüterhandel,1
4121783-4,Tourenplanung,1
4178319-0,Röntgenpulsar,1
4137114-8,Investitionspolitik,1
4029839-5,Kasachstan,1
7859045-0,Effektivität,1
4044257-3,Ozeanien,1
4042567-8,Nord-Ostsee-Kanal,1
4020871-0,Gewerblicher Rechtsschutz,1
4185836-0,Tragflügeltheorie,1
4139195-0,Instabilität,1
4388633-4,Erfahrungswissen,1
4113843-0,Handlungsorientierung,1
4195141-4,Fachwissen,1
4002692-9,Arbeitsgestaltung,1
6040991-5,Traktor (Körperschaft),1
1025024370,Compass (Satellitennavigation),1
4500164-9,DIN-EN-ISO-Norm,1
118573489,List,1
1236717007,Little Schuylkill-Eisenbahn,1
4203793-1,Temperaturabhängigkeit,1
4045895-7,Fotografie,1
4002855-0,Architekturfotografie,1
4137414-9,Personenkraftwagen (Motiv),1
4216587-8,Raststätte,1
4187827-9,Verkehrsrecht,1
1121110479,Microgrid (Energietechnik),1
4167992-1,Ljapunov-Stabilitätstheorie,1
4269915-0,Stellgröße,1
4155413-9,Frequenzstabilität,1
4256351-3,Granulärer Stoff,1
4006194-2,Betriebsmittel,1
4162000-8,Interferenz (Physik),1
4079344-8,Wirtschaftskooperation,1
4259899-0,Selbstzündung,1
4005203-5,Beeinflussung,1
112484418X,Framing-Effekt,1
1253837457,Planetare Gesundheit,1
4141046-4,Abgaswärme,1
4064199-5,Wärmerückgewinnung,1
4135418-7,Unterschallströmung,1
5185691-8,Nordhessischer Verkehrsverbund,1
1068893915,Sharing Economy,1
4127097-6,Verteilungsgerechtigkeit,1
4233398-2,Integrierte Planung,1
4263571-8,Bahnübergang,1
4136183-0,Weiche (Eisenbahn),1
4296589-5,Formationsflug,1
4133942-3,Kompressionskältemaschine,1
4026611-4,Immissionsschutz,1
1209785226,Narrativ (Sozialwissenschaften),1
4037220-0,Malerei,1
4041251-9,Utopie,1
4021845-4,Grafik,1
4006568-6,Bild,1
4032580-5,Kostenanalyse,1
4153414-1,Externer Effekt,1
4017909-6,Forschungseinrichtung,1
4056243-8,Spieltheorie,1
2098909-X,Continental Aktiengesellschaft,1
4064195-8,Wärmepumpe,1
4162985-1,Kältemittelkreislauf,1
4333781-8,Anströmung,1
4279743-3,Kohlenstofffaserverstärkter Thermoplast,1
4145583-6,Binokulares Sehen,1
4171761-2,Nichtlineare Stabilitätstheorie,1
1068652438,Lineare Stabilitätstheorie,1
4219941-4,Sportbootführerschein See,1
4127712-0,Stromversorgungsgerät,1
4334479-3,Alternde Bevölkerung,1
4713256-5,Intelligente Fertigung,1
4136065-5,Nichtlineares Phänomen,1
4737034-8,Pandemie,1
1206347392,COVID-19,1
4300400-3,Empirische Forschung,1
4064821-7,Wasserwirtschaft,1
4073841-3,Kroatien,1
4117663-7,Wirtschaftssystem,1
4177057-2,Raumfahrtmedizin,1
4804018-6,Hülle,1
4224116-9,Stoßdämpfung,1
5082855-1,Niʿmatallāhīya,1
4226314-1,Mikrowellenübertragung,1
4580265-8,Unüberwachtes Lernen,1
4129317-4,Berufliche Mobilität,1
139644857,"Blohm, Hermann 1848-1930",1
4300840-9,Lean Management,1
4167644-0,Liegeplatz,1
4416875-5,Nutzfahrzeugindustrie,1
4214693-8,Sozialinnovation,1
4121644-1,Schwingungsdämpfer,1
4172248-6,Oberflächenladung,1
4202022-0,Bildverstehen,1
4319363-8,Regeneration (Chemie),1
4213132-7,Datenmanagement,1
4446689-4,Manchester Ship Canal,1
102679028X,Long Term Evolution Advanced,1
4229526-9,Reiseverhalten,1
4037630-8,Marktforschung,1
4236001-8,Forschungskooperation,1
4160204-3,Hochschulforschung,1
4163236-9,Kapazität,1
4063121-7,Verpackungsindustrie,1
4126040-5,Kontrollsystem,1
2000379-1,Allgaier-Werke (Uhingen),1
4008069-9,Braunschweig,1
4019918-6,Geleitzug,1
4127888-4,Innere Sicherheit,1
4284135-5,Werkstoffschädigung,1
4124997-5,Gießen (Urformen),1
4064180-6,Wärmebehandlung,1
1054447438,Ermüdung bei sehr hohen Lastspielzahlen,1
4561338-2,Ermüdung bei hohen Lastspielzahlen,1
4113594-5,Fördertechnik,1
4188760-8,Voyager (Raumsonde),1
4166384-6,Ladegerät,1
4076308-0,Prävention,1
4033178-7,Kriminalität,1
4059534-1,Terrorismus,1
4040795-0,Museum,1
4189966-0,Winkelauflösung,1
4222126-2,Feminismus,1
4061693-9,Unfall,1
4384600-2,Personalisierung,1
4032590-8,Kostenplanung,1
4047358-2,Herstellkosten,1
4323274-7,Kostenmanagement,1
7635818-5,Intralogistik,1
4146551-9,Bremsen,1
4475743-8,Weltraumwaffe,1
4186715-4,Ultraleichtfliegen,1
4171842-2,Niederfrequentes Geräusch,1
4150635-2,Dreidimensionale Strömung,1
4032813-2,Krankenpflege,1
4183649-2,Streitwagen,1
4137410-1,Kanalströmung,1
118573101,"Lindbergh, Charles A. 1902-1974",1
118573098,"Lindbergh, Anne Morrow 1906-2001",1
4210217-0,Störsignal,1
4236803-0,Berührungslose Messung,1
4191085-0,Zündverzug,1
7730862-1,Performance Management,1
4384088-7,Gigant (Bagger),1
4299856-6,Mittlere Elbe,1
4188877-7,Wärmeübergang,1
4041279-9,Nation,1
4201191-7,Deregulierung,1
4057696-6,Stoffübertragung,1
4179567-2,Schifffahrt (Motiv),1
4130047-6,Kollektives Verhalten,1
4004617-5,Basel,1
4112677-4,Bauordnungsrecht,1
4000687-6,Afghanistan,1
4023222-0,Handel,1
4059979-6,Thüringen,1
4086982-9,Bayern,1
4106814-2,Schwerin,1
119361604,"Focke, Henrich 1890-1979",1
4015224-8,Erfolg,1
4036486-0,Lübeck,1
103048-6,International Society of Securities Administrators,1
4178671-3,Rüstungspolitik,1
4194738-1,Berlin- Prenzlauer Berg,1
4371389-0,NSU (Marke),1
2020392-5,NSU-Motorenwerke,1
4196043-9,Schlepper (Schiff),1
4237739-0,Linienführung,1
4150179-2,Diskrete Optimierung,1
4090048-4,Bremen-Steintor,1
4498025-5,"Columbus (Schiff, 1924-1940)",1
4497225-8,"C. Columbus (Schiff, 1997-)",1
4374958-6,Booster (Raumfahrttechnik),1
4196115-8,Schulschiff,1
4455026-1,Überprüfung,1
4053369-4,Schüler,1
4435234-7,Ballistischer Flugkörper,1
4117627-3,Weltmarkt,1
4219333-3,Ba 349 Natter,1
4187808-5,Verkehrsfläche,1
4430244-7,Abeking & Rasmussen Schiffs- und Yachtwerft,1
4165438-9,Kraftfahrzeugmuseum,1
4362310-4,Eisenbahnneuordnungsgesetz,1
4324207-8,Mittlerer Neckar,1
4004176-1,Baden-Württemberg,1
4048737-4,Recht,1
4025352-1,Höhenmessung,1
4195861-5,Statussymbol,1
4049716-1,Rezeption,1
4005198-5,Bedürfnis,1
4126670-5,Spätverkehrszeit,1
4041036-5,Nachfrage,1
4142412-8,Angebotselastizität,1
4075488-1,Nordwesteuropa,1
4372943-5,Schiffswerft Henry Koch AG,1
4468158-6,Harburger Binnenhafen (Hamburg),1
2110416-5,Turn- und Sportverein Woltmershausen von 1890,1
119012197,"Albring, Werner 1914-2007",1
4273820-9,Gorodomlja,1
118619411,"Strousberg, Bethel H. 1823-1884",1
4000158-1,Abkürzung,1
4023744-8,Haushalt,1
121402290,"Lutzmann, Friedrich 1859-1930",1
2054056-5,John T. Essberger (Hamburg),1
4120544-3,Kapazitätsplanung,1
4140133-5,Gemeindeaufgaben,1
4127897-5,Fähre,1
4133147-3,Küstenfunkstelle,1
4185833-5,Tragflügelbau,1
4486666-5,Richten (Fertigung),1
4130775-6,Feasibility-Studie,1
4002924-4,Arktis,1
4459324-7,Unterer Ob,1
4152703-3,Erdöltransport,1
4166351-2,Lackiererei,1
4451877-8,Stoffstrommanagement,1
2174706-4,"Expo, 2000 Hannover",1
4001480-0,Altertum,1
4002827-6,Archäologie,1
4078951-2,Vor- und Frühgeschichte,1
4003846-4,Außenpolitik,1
4004238-8,Bagdadbahn,1
4486444-9,Borgward (Marke),1
4065541-6,Werbung,1
4122815-7,Anzeige (Technik),1
4114458-2,Luftkühlung,1
118702459,"Drais, Karl 1785-1851",1
4204973-8,Konzeption,1
4075458-3,Nordfriesland,1
4124224-5,Sozialverträglichkeit,1
4130202-3,Befindlichkeit,1
124221823,"Ohain, Hans von 1911-1998",1
4029932-6,Katastrophenschutz,1
4419990-9,Nagel (Technik),1
118528750,"Eckener, Hugo 1868-1954",1
4008017-1,Brauch,1
4181133-1,Shanty,1
4148266-9,Concorde (Flugzeug),1
4206907-5,Prototyp,1
118554786,"Hundertwasser, Friedensreich 1928-2000",1
4061447-5,Uelzen,1
4125665-7,Kuriosität,1
4351499-6,VOC (Ökologische Chemie),1
4173655-2,Pendler,1
4340792-4,Auskunftsdienst,1
4079203-1,Westafrika,1
4028456-6,Jamaika,1
4090130-0,Bristol,1
4115554-3,Pflichtenheft,1
4152891-8,Erschütterung,1
4058710-1,Sylt,1
4065764-4,Westerland,1
4101184-3,Niebüll,1
4005104-3,Bebauungsplan,1
4049799-9,Rhein-Main-Gebiet,1
128626631,"Ford, Edsel 1893-1943",1
271699-9,"Ford Motor Company (Dearborn, Mich.)",1
4036862-2,Madrid,1
4080409-4,Bilbao,1
4004503-1,Barcelona,1
4062284-8,Valencia,1
2019917-X,Robert Bosch GmbH,1
4393037-2,Starter (Kraftfahrzeug),1
2040035-4,Hanomag-Henschel-Fahrzeugwerke (Hannover),1
4130011-7,Lärmschutzwand,1
4409237-4,Einfügungsdämpfung,1
4042530-7,Nordische Staaten,1
4185608-9,Tödlicher Unfall,1
4195461-0,Bewältigung,1
4168131-9,Lokomotivführer,1
4361388-3,Posttraumatisches Stresssyndrom,1
6042306-7,Lockheed Martin,1
118840843,"Essers, Ilse 1898-1994",1
4807387-8,Queen Mary 2 (Schiff),1
4198578-3,Mountainbiking,1
4048241-8,Radrennsport,1
4144481-4,Benutzerrückmeldung,1
4319108-3,Szenarium,1
2007493-1,Deutsche Gesellschaft zur Rettung Schiffbrüchiger,1
4125082-5,Freizeitverhalten,1
4034823-4,Leasing,1
4047552-9,Protokoll,1
4049626-0,Rettungswesen,1
4073410-9,Kinderpsychologie,1
4094792-0,Harzvorland,1
4068103-8,Zulieferindustrie,1
4065004-2,Militärpolitik,1
4246883-8,Machtstruktur,1
4127117-8,Vertrieb,1
4180231-7,Schulweg,1
4121761-5,Telearbeit,1
4014170-6,Elbe,1
4008415-2,Brückenbau,1
4281072-3,Schlüsselindustrie,1
4126823-4,Sektoraler Strukturwandel,1
5086422-1,Deutsche Flugsicherung GmbH,1
4121465-1,Personalentwicklung,1
4202646-5,Stressbewältigung,1
4402067-3,Cassini (Raumsonde),1
4213931-4,Lüftungsanlage,1
4134707-9,Energieübertragung,1
4061563-7,Ultraschallprüfung,1
4084992-2,Alpenländer,1
4504802-2,Pratt & Whitney Company,1
4490847-7,Umweltverträglichkeitsuntersuchung,1
4170403-4,Molkereitechnologie,1
4169927-0,Milchverarbeitung,1
4500441-9,Junkers,1
10013209-1,Museum für Kommunikation Nürnberg,1
4049600-4,Restaurierung,1
4125874-5,Nachrüstung (Technik),1
4112708-0,Benutzungsgebühr,1
4181158-6,Sicherheitsbedürfnis,1
4405042-2,Arbeitsweise (Technik),1
4313197-9,Nachtsichtgerät,1
4169030-8,Massengut,1
7531433-2,"Velocity (Framework, Informatik)",1
4172756-3,Organisationsform,1
4098291-9,Messerschmitt-Bölkow-Blohm GmbH,1
118581376,"Messerschmitt, Willy 1898-1978",1
4107454-3,Unterweser-Gebiet,1
4321280-3,Unternehmenszusammenschluss,1
11854814X,"Heinkel, Ernst 1888-1953",1
4235290-3,Ernst-Heinkel-Flugzeugbau GmbH,1
136951-9,Ernst Heinkel Flugzeugwerke,1
4123037-1,Datenanalyse,1
4138276-6,Privatflugzeugführer,1
4062860-7,Verhalten,1
4188718-9,Vorsorge,1
4137961-5,Dienstleistungsverkehr,1
7585648-7,Wurmbergseilbahn,1
4431979-4,Ressourcenmanagement,1
4029413-4,Kamerun,1
4418986-2,Unternehmensbezogene Dienstleistung,1
4078861-1,Versuchstiere,1
4032697-4,Modellauto,1
4278334-3,Sovereign of the Seas (Schiff),1
4125435-1,Sperrmüll,1
4029344-0,Kalkutta,1
4277087-7,Halogenglühlampe,1
4398736-9,Selektive Wahrnehmung,1
4163171-7,Kampfflugzeug,1
4112722-5,Berlin-Tempelhof,1
4477598-2,Flughafen Berlin-Tempelhof,1
4155046-8,Forschungsmethode,1
4165458-4,Kraftstoffpreis,1
4130847-5,Synchronisierung,1
4258813-3,Dienstleistungsnachfrage,1
4377258-4,Sekundärleistung,1
4190481-3,Zahlungsbereitschaft,1
4128692-3,Kauf,1
4140092-6,Irrtum,1
4442557-0,Flugmanöver,1
4274177-4,Bugatti (Marke),1
4066466-1,Wirtschaftskrise,1
4010781-4,Curriculum,1
4041316-0,Nationalsozialismus,1
4067777-1,Zigeuner,1
4114463-6,Luftverteidigung,1
4114598-7,Militärische Bedrohung,1
4170996-2,Nachbarstaat,1
4020008-5,Gemeinnütziges Wohnungsunternehmen,1
213630-2,Verband Westfälischer und Lippischer Wohnungsunternehmen,1
4065786-3,Westfalen-Lippe,1
4475737-2,Gasförmiger Kraftstoff,1
4535131-4,Stromversorgung (Elektrotechnik),1
4077683-9,Spitzenlast-Preisbildung,1
4163243-6,Kapazitätsmanagement,1
4041897-2,Neurophysiologie,1
4124401-1,Versuchsperson,1
4145576-9,Binnenmarkt,1
4329573-3,Benchmarking,1
4400948-3,Ressourcenökonomie,1
4129062-8,Steuerbelastung,1
4019583-1,Gebühr,1
4212404-9,Politische Steuerung,1
4454409-1,Private Investition,1
4014948-1,Entwicklungshilfe,1
4171013-7,Nachfragelenkung,1
4062971-5,Verkehrsteuer,1
4258109-6,Konsumgüterwirtschaft,1
4078541-5,Ungarn,1
4261540-9,Küstengebiet,1
4688593-6,Zeppelin GmbH,1
4131484-0,Unternehmenskultur,1
4078605-5,Unternehmenskrise,1
4140205-4,Anhängerkupplung,1
4027556-5,Investition,1
4126083-1,Multikriteria-Entscheidung,1
4033229-9,Kritik,1
4692380-9,Kruzenshtern (Schiff),1
4324422-1,Geräuschanalyse,1
4202585-0,Aktive Schwingungsdämpfung,1
4040574-6,München,1
4133922-8,Prozessüberwachung,1
4357296-0,DIN ISO 9000,1
4496282-4,Prozessanalyse (Prozessmanagement),1
1002947-3,Allgemeiner Deutscher Automobil-Club,1
4001264-5,Allgäu,1
118509225,"Benz, Carl 1844-1929",1
128818646,"Benz, Bertha 1849-1944",1
4353528-8,Dichteschätzung,1
4054230-0,Segeln,1
10276523-6,Interview (Musikgruppe),1
4078921-4,Visuelle Wahrnehmung,1
4132695-7,Wertorientierung,1
4003583-9,Augenbewegung,1
4128931-6,Kopf,1
4133195-3,Haltung,1
4112696-8,Behinderung,1
4066426-0,Wirtschaftlichkeitsrechnung,1
4578782-7,Fendt (Marke),1
7732783-4,Weltraumarchäologie,1
4032592-1,Kostenrechnung,1
4135474-6,Kraftfahrzeugkosten,1
4029339-7,Kalkulation,1
118561383,"Kennedy, John F. 1917-1963",1
4121020-7,Bewirtschaftung,1
4127478-7,Parkfläche,1
4003672-8,Ausbau (Bauwesen),1
4269986-1,Zlín,1
4139562-1,Torpedo,1
4195006-9,Gewerbeimmobilien,1
10138072-0,Metropolregion Hamburg,1
4132178-9,Industrieansiedlung,1
4002005-8,Angeln (Landschaft),1
4045242-6,Persönlichkeit,1
4126658-4,Schlachtschiff,1
14543-9,USA Navy,1
4014770-8,England,1
123763234X,Stuttgart 21,1
4226404-2,Protestbewegung,1
121676854,"Piëch, Ferdinand 1937-2019",1
4095141-8,Kreis Herzogtum Lauenburg,1
4387630-4,Landkreis Demmin,1
7551534-9,Lufttüchtigkeit,1
4196279-5,Atlantiküberquerung,1
4193791-0,Schätzung,1
4170295-5,Modellflugzeug,1
4428183-3,Regionale Wirtschaftskooperation,1
2101526-0,Jos. L. Meyer GmbH und Co.,1
4034402-2,Landwirtschaft,1
4332816-7,Bodenökologie,1
4026331-9,Hygiene,1
4138417-9,Risikoverteilung,1
4224750-0,"Raleigh, NC",1
4557538-1,"Wilmington, NC",1
5180392-6,Deutsche Werft Reiherstieg,1
4140232-7,Geheimhaltung,1
4350479-6,Militärische Forschung,1
4155270-2,Freiballonsport,1
4199421-8,Handlungsregulation,1
4221992-9,Wärmebilanz,1
4213628-3,Reliabilität,1
4180055-2,Schülertransport,1
4027503-6,Interview,1
4064171-5,Wärme,1
4064206-9,Wärmetechnik,1
4346293-5,Regionale Präferenz,1
4152826-8,Ernährungssicherung,1
4006765-8,Binnenschifffahrtsstraßen-Ordnung,1
4007403-1,Bodensee,1
4127898-7,Eisenbahnfähre,1
4574740-4,Magnetorheologische Flüssigkeit,1
2116728-X,Deutschland Bundeswehr,1
4125477-6,Militärhubschrauber,1
4123118-1,Eisenbahnbrücke,1
4115606-7,PPS,1
4470957-2,Traktion (Kraftfahrzeugtechnik),1
4538367-4,Kanalkapazität,1
4188949-6,Wahrnehmbarkeit,1
4138692-9,Unfallflucht,1
4522620-9,Kreisflügelflugzeug,1
4061638-1,Umweltökonomie,1
4152229-1,Energierückgewinnung,1
1027429246,"Traub, Carl 1823-1894",1
4044981-6,Pazifischer Ozean,1
4012116-1,Dichtung (Technik),1
4127031-9,Trunkenheit,1
4120983-7,Bedarfsplanung,1
4755060-0,Antonov (Marke),1
4026665-5,Import,1
4202372-5,Gepäck,1
4154933-8,Förderanlage,1
4193802-1,Materialflusssteuerung,1
4177058-4,Raumfahrtpolitik,1
4049461-5,Rendsburg,1
119032902,"Fresnel, Augustin Jean 1788-1827",1
4129833-0,Konstruktivismus (Kunst),1
4120694-0,Manöver (Schifffahrt),1
4163275-8,Kapitalmobilität,1
4006292-2,Bevölkerungsentwicklung,1
4249775-9,Pazifikkrieg (1941-1945),1
4333007-1,Kanonenboot,1
4187756-1,Verhaltensanpassung,1
4141539-5,Ästhetisches Urteil,1
4193317-5,Ästhetische Wahrnehmung,1
4125275-5,Umweltverträglichkeitsprüfung,1
17976-0,Deutsche Lufthansa (Berlin),1
2007937-0,Deutsche Lufthansa (Köln),1
4137680-8,Segelflugsport,1
4073860-7,Küstenmeer,1
4132791-3,Ausschließliche Wirtschaftszone,1
4177077-8,Raumordnungsrecht,1
4014224-3,Elektrizitätsversorgung,1
4157937-9,Redundanz,1
119305305,"Harriman, Edward Henry 1848-1909",1
4130931-5,Aktienmarkt,1
11877445X,"Hill, James J. 1838-1916",1
4438979-6,OEM,1
4496301-4,Fußgängerunfall,1
4041996-4,Nevada,1
4169972-5,Militärstützpunkt,1
4067043-0,Wüste,1
4204407-8,Aufklärungsflugzeug,1
4277812-8,Passat (Schiff),1
2054906-4,Hamburgische Schiffbau-Versuchsanstalt,1
4254231-5,Eastern Airlines Inc.,1
4140852-4,Mineralöl,1
4042011-5,"New York, NY",1
128934409,"Benthem, Jan 1952",1
1317321677,Signaletik,1
4500213-7,Schiphol,1
4255905-4,Flughafengebäude,1
4756506-8,Schneeräumgerät,1
4132762-7,Ausrüstung,1
4144978-2,Beteiligungsfinanzierung,1
4271451-5,Sohle (Wasserbau),1
4706601-5,Rosetta (Raumsonde),1
4226187-9,Radrennbahn,1
1052198759,IEEE 802,1
4186649-6,Übertragungskanal,1
4342646-3,Adaptive Schätzung,1
4029713-5,Karlsruhe,1
4183720-4,Strömungstechnische Kennzahl,1
4193392-8,Elektrische Ausrüstung,1
4065685-8,Wertschöpfung,1
4252015-0,Finanzplanungsmodell,1
4273138-0,Schädigung,1
4150845-2,Düsenjäger,1
4121927-2,Wirtschaftliche Abhängigkeit,1
136030-9,Toyota-Jidōsha-Kōgyō-KK,1
4287302-2,Lean Production,1
4467628-1,Discovery (Raumtransporter),1
4196960-1,Raketenmodell,1
1064711456,"Karem, Abraham 1937",1
4109219-3,Indiana,1
4121432-8,Organisationsplanung,1
4373719-5,Ertragssteigerung,1
4061609-5,Umschlag (Transport),1
4186626-5,Überschallströmung,1
4427457-9,Überschallstaustrahltriebwerk,1
4176586-2,Qualitätsmaß,1
4226382-7,Technische Oberfläche,1
4062632-5,Verbraucher,1
4074032-8,Lateinamerika,1
4120503-0,Internationale Kooperation,1
4007328-2,Bochum,1
1051020859,Metropolregion Rhein-Ruhr,1
4060581-4,Tragfähigkeit,1
19542-X,USA Federal Aviation Administration,1
4130532-2,Personalbedarf,1
4189150-8,Warteschlange,1
4015434-8,Erwartung,1
4243685-0,Top-down-Prinzip,1
4113547-7,Fertigungssteuerung,1
4131844-4,Baustellenfertigung,1
4013967-0,Einzelfertigung,1
1041864515,Geschichtspolitik,1
4200793-8,Kollektives Gedächtnis,1
4032352-3,Konzentrationslager,1
4022782-0,Gefangener,1
4076601-9,Regionale Wirtschaftsentwicklung,1
4160094-0,Hochdruckbehälter,1
4300861-6,Stakeholder,1
4278243-0,Sicherheitsvorschrift,1
1067647228,Haenggung-dong,1
1082009679,Altona-Kieler Chaussee,1
4030481-4,Kiel,1
4006293-4,Bevölkerungsgeografie,1
4129214-5,Fordismus,1
4270484-4,"Dearborn, Mich.",1
4011559-8,"Detroit, Mich.",1
4069587-6,Bombenflugzeug,1
4001297-9,Alliierte,1
4066083-7,Wikinger,1
4071507-3,Funde,1
118513818,"Bosch, Robert 1861-1942",1
118523422,"Daimler, Gottlieb 1834-1900",1
4312147-0,Räumliches Schließen,1
4074914-9,Modallogik,1
4275084-2,Graphische Benutzeroberfläche,1
4304983-7,Produktmodell,1
7707366-6,Containergebäude,1
4172260-7,Oberflächenströmung,1
4182741-7,Stadtforschung,1
4367340-5,Grenzüberschreitung,1
4177333-0,Reflexion (Physik),1
4055852-6,Sozialkundeunterricht,1
4153520-0,Fächerübergreifender Unterricht,1
4075727-4,Ostasien,1
4062041-4,Unterwasserarchäologie,1
4068754-5,Antike,1
4074895-9,Mittelmeer,1
4112532-0,Anreizsystem,1
4011457-0,Denkmalschutz,1
4191537-9,Verkehrssprache,1
4463442-0,Hafen Rotterdam (Rotterdam),1
4123869-2,Öffentliche Förderung,1
4154731-7,Flüssigmetall,1
4185148-1,Thermoelektrizität,1
4710341-3,Volkmarsdorf,1
4225642-2,Risikogruppe,1
4173876-7,Persönlichkeitstyp,1
4302286-8,Unfallrisiko,1
4114334-6,Kunst am Bau,1
7788163-1,Wehrhahn-Linie (Düsseldorf),1
4180466-1,Schweißnahtprüfung,1
1051019435,Metropolregion München,1
4078900-7,Vielkörperproblem,1
4153618-6,Fallschirm,1
4140149-9,Gleitschirmsegeln,1
4120448-7,Historische Stätte,1
4114012-6,Informationsmanagement,1
4243514-6,Drohne,1
4382864-4,Fahrradfachhandel,1
7665620-2,AUTOSAR,1
4409431-0,Verkleidung (Technik),1
4553856-6,Moto Guzzi (Marke),1
11863531X,"Wright, Frank Lloyd 1867-1959",1
4180712-1,Sehleistung,1
4035206-7,Leipzig,1
4120730-0,Migration,1
90942-7,Dr. Ing. h. c. F. Porsche KG,1
4046821-5,Porsche (Marke),1
4226843-6,Kommunaler Verkehrsbetrieb,1
4128805-1,Faserverstärkter Kunststoff,1
4032466-7,Korea,1
4639012-1,Governance,1
4003388-0,Atlantischer Ozean,1
4054141-1,Seekrieg,1
106827932X,"Pyke, Geoffrey 1893-1948",1
4265933-4,Visueller Kontrast,1
4027208-4,Institutionenökonomie,1
4113448-5,Entscheidungsverhalten,1
4177459-0,Rehabilitatives Training,1
4140871-8,Gehen,1
1041852754,Unterstützungstechnologie,1
